[
  {
    "timestamp": "2025-05-18T10:38:39.448491",
    "overall_rating": 3,
    "usability": 4,
    "accuracy": 4,
    "speed": 4,
    "helpfulness": 4,
    "comments": "It should improve the accuracy"
  },
  {
    "timestamp": "2025-05-18T10:56:08.075130",
    "overall_rating": 4,
    "usability": 4,
    "accuracy": 4,
    "speed": 4,
    "helpfulness": 4,
    "comments": ""
  },
  {
    "timestamp": "2025-05-18T15:26:43.294502",
    "overall_rating": 4,
    "usability": 3,
    "accuracy": 4,
    "speed": 4,
    "helpfulness": 4,
    "comments": ""
  },
  {
    "timestamp": "2025-05-18T15:38:45.565659",
    "overall_rating": 3,
    "usability": 5,
    "accuracy": 4,
    "speed": 4,
    "helpfulness": 4,
    "comments": ""
  },
  {
    "timestamp": "2025-05-18T18:02:55.594519",
    "overall_rating": 3,
    "usability": 5,
    "accuracy": 4,
    "speed": 4,
    "helpfulness": 4,
    "comments": ""
  },
  {
    "timestamp": "2025-05-18T18:50:51.931781",
    "overall_rating": 5,
    "usability": 3,
    "accuracy": 4,
    "speed": 4,
    "helpfulness": 4,
    "comments": ""
  },
  {
    "timestamp": "2025-06-01T17:55:47.345905",
    "overall_rating": 2,
    "usability": 3,
    "accuracy": 2,
    "speed": 3,
    "helpfulness": 3,
    "comments": ""
  },
  {
    "timestamp": "2025-06-05T18:56:40.111872",
    "overall_rating": 2,
    "usability": 4,
    "accuracy": 3,
    "speed": 4,
    "helpfulness": 4,
    "comments": ""
  },
  {
    "timestamp": "2025-06-05T19:09:01.342873",
    "overall_rating": 3,
    "usability": 3,
    "accuracy": 3,
    "speed": 4,
    "helpfulness": 4,
    "comments": ""
  },
  {
    "timestamp": "2025-06-05T19:18:37.222188",
    "overall_rating": 4,
    "usability": 4,
    "accuracy": 3,
    "speed": 3,
    "helpfulness": 4,
    "comments": ""
  }
]