Name,Age,Gender,Surgery,Date,HeartRate,BloodPressure,ValveHealth,HeartHealth,SpO2,RespiratoryRate,ETCO2,Temperature,Weight,DeviceID,MedicalHistory,Medication
DHARSHINI,64,Female,Cardiac Bypass,2025-05-17,86.0,60/70 mmHg,53.0,64.0,83.0,16.0,36.0,36.5,80.0,nan,C-section,"metform , tylenol"
harini,21,Female,ENT Surgery,,85.0,110/70 mmHg,54.0,64.0,91.0,16.0,31.0,37.0,,,,
Jane Smith,32,Female,Cesarean Section,,,,,,,,,,68.0,DVC002,Hypertension,Atenolol
Bob Williams,58,Male,Cardiac Bypass,,,,,,,,,,85.0,DVC005,"Hypertension, Diabetes","Atenolol, Metformin"
Swathi,65,Female,Cardiac Bypass,,85.0,110/70 mmHg,,,98.0,16.0,35.0,36.5,1.0,,Renal Impairment ,
