PatientID,Age,Gender,Weight_kg,Height_cm,SurgeryType,ASA_Class,HeartRate_bpm,BP_Systolic,BP_Diastolic,SpO2_%,ValveHealth,HeartHealth,ECGPattern,Propofol_mg,Fentanyl_mcg,Atracurium_mg
P0001,69,Female,112.3,177.8,Orthopedic,III,108,103,82,92,Mild,Moderate,Normal,159.4,157.4,67.9
P0002,32,Male,73.7,181.7,Orthopedic,IV,103,119,85,95,Normal,Moderate,Normal,113.7,268.2,72.5
P0003,89,Male,76.3,167.3,Cardiac,IV,116,157,93,94,Normal,Severe,Abnormal,260.2,260.5,56.1
P0004,78,Female,56.6,177.7,Orthopedic,II,100,107,105,97,Moderate,Moderate,Normal,59.6,96.5,37.5
P0005,38,Male,90.5,175.1,General,III,57,151,93,98,Moderate,Severe,Abnormal,275.4,250.7,29.1
P0006,41,Male,52.5,194.1,Orthopedic,III,83,126,88,100,Normal,Moderate,Normal,165.4,164.5,13.0
P0007,20,Female,82.6,142.7,Neuro,I,84,114,63,92,Moderate,Mild,Abnormal,209.3,170.7,37.4
P0008,39,Female,88.0,156.9,Orthopedic,IV,81,137,76,99,Normal,Normal,Abnormal,214.8,83.4,68.8
P0009,70,Male,70.1,197.0,Cardiac,III,95,154,94,92,Severe,Mild,Abnormal,273.8,70.2,94.4
P0010,19,Male,91.4,193.4,Orthopedic,II,65,142,72,92,Mild,Normal,Abnormal,209.2,232.0,88.4
P0011,47,Female,52.1,167.3,Neuro,II,117,168,100,95,Mild,Normal,Abnormal,203.5,174.1,78.9
P0012,55,Female,52.6,177.2,Neuro,IV,86,162,98,90,Moderate,Normal,Abnormal,66.7,159.2,81.0
P0013,19,Female,107.6,156.6,General,II,103,104,74,96,Normal,Mild,Normal,179.6,232.4,69.8
P0014,81,Female,75.2,151.3,Orthopedic,II,63,138,88,90,Normal,Normal,Abnormal,87.5,241.4,33.4
P0015,77,Male,58.9,167.8,Neuro,IV,104,177,88,94,Moderate,Mild,Normal,234.4,89.7,91.6
P0016,38,Female,86.6,161.2,Cardiac,III,97,157,70,99,Normal,Severe,Normal,178.1,202.6,70.4
P0017,50,Female,103.9,175.0,General,III,56,101,91,97,Severe,Moderate,Abnormal,220.1,83.8,60.4
P0018,75,Male,65.1,144.7,Cardiac,II,56,148,61,93,Mild,Moderate,Normal,60.4,237.8,20.0
P0019,39,Female,93.6,198.5,Orthopedic,II,82,126,106,94,Moderate,Normal,Abnormal,71.2,214.2,50.2
P0020,66,Male,56.0,199.2,Orthopedic,III,72,150,73,93,Moderate,Mild,Normal,229.1,289.2,51.4
P0021,76,Female,53.6,181.9,Orthopedic,IV,68,132,79,93,Normal,Moderate,Abnormal,68.0,67.2,87.8
P0022,59,Female,87.2,172.2,General,II,68,159,81,97,Moderate,Mild,Normal,67.8,64.3,59.2
P0023,77,Female,87.8,158.6,Neuro,I,85,128,70,91,Severe,Mild,Abnormal,53.0,120.5,44.2
P0024,32,Male,94.6,188.8,General,IV,78,145,86,90,Normal,Normal,Abnormal,289.1,115.4,97.9
P0025,79,Male,100.8,181.1,Cardiac,II,109,152,62,92,Normal,Moderate,Abnormal,234.4,111.7,20.0
P0026,79,Female,118.3,149.8,General,II,51,135,76,98,Normal,Normal,Abnormal,138.3,276.6,48.0
P0027,64,Male,86.1,194.7,Cardiac,I,50,177,103,93,Normal,Normal,Normal,124.1,112.4,13.8
P0028,79,Male,72.6,189.4,General,I,96,100,87,99,Severe,Moderate,Abnormal,137.4,118.0,76.6
P0029,68,Male,105.7,197.0,Neuro,III,118,151,88,94,Normal,Moderate,Normal,243.7,239.8,92.6
P0030,72,Male,69.0,183.5,Cardiac,IV,69,166,80,91,Moderate,Severe,Normal,215.3,162.4,35.2
P0031,81,Male,80.7,176.8,Orthopedic,IV,60,114,106,93,Severe,Severe,Normal,96.3,244.2,87.3
P0032,20,Male,55.5,165.1,Orthopedic,III,51,160,75,91,Mild,Mild,Abnormal,93.5,66.3,36.3
P0033,68,Female,51.8,196.0,General,IV,116,141,96,91,Mild,Moderate,Normal,74.6,171.9,92.0
P0034,24,Female,117.4,192.0,Orthopedic,IV,61,93,79,93,Moderate,Severe,Normal,215.1,58.4,77.9
P0035,38,Male,108.5,142.7,Cardiac,IV,69,148,65,95,Moderate,Mild,Normal,241.1,65.7,82.4
P0036,56,Female,98.7,141.6,Orthopedic,IV,54,161,78,96,Severe,Mild,Abnormal,116.3,276.6,11.6
P0037,35,Female,78.6,162.6,Neuro,IV,86,109,64,99,Mild,Mild,Abnormal,55.2,84.8,96.7
P0038,21,Female,62.1,188.6,Neuro,I,87,152,62,92,Mild,Severe,Normal,70.5,183.1,75.4
P0039,77,Female,61.0,199.2,General,IV,58,143,60,92,Mild,Moderate,Abnormal,292.0,152.8,37.4
P0040,31,Male,67.5,149.0,Cardiac,I,102,163,97,99,Mild,Normal,Abnormal,123.9,136.8,84.6
P0041,26,Female,88.4,175.6,Neuro,IV,93,146,74,95,Mild,Mild,Normal,242.3,275.0,35.3
P0042,70,Female,100.0,162.9,Neuro,III,73,179,93,92,Normal,Severe,Normal,206.2,55.5,88.5
P0043,19,Male,96.2,198.2,Cardiac,II,79,130,94,91,Moderate,Severe,Abnormal,145.5,215.9,20.1
P0044,77,Male,69.6,190.5,Orthopedic,I,108,92,108,97,Normal,Normal,Normal,101.4,290.8,73.3
P0045,88,Female,116.8,190.3,Orthopedic,IV,63,95,84,94,Mild,Normal,Abnormal,80.3,190.0,58.7
P0046,61,Female,101.7,168.1,General,III,58,94,83,90,Severe,Severe,Abnormal,203.8,284.2,18.7
P0047,25,Female,88.8,164.9,Orthopedic,II,89,94,71,92,Severe,Moderate,Abnormal,243.7,63.1,31.8
P0048,64,Female,92.8,156.4,Cardiac,I,115,143,77,99,Mild,Normal,Abnormal,211.0,154.7,11.1
P0049,52,Female,79.4,143.4,Neuro,II,74,136,74,97,Mild,Severe,Abnormal,182.6,115.0,52.2
P0050,53,Female,67.3,191.9,Orthopedic,III,71,176,103,93,Severe,Normal,Abnormal,60.5,232.7,37.1
P0051,67,Male,74.9,188.8,General,I,53,138,75,96,Normal,Moderate,Normal,292.1,295.3,63.9
P0052,21,Female,103.0,200.0,Orthopedic,II,75,98,86,99,Normal,Mild,Normal,249.7,114.1,36.8
P0053,19,Female,51.0,199.8,Cardiac,IV,107,109,67,91,Mild,Normal,Abnormal,123.2,213.5,37.0
P0054,23,Male,58.1,173.3,General,I,78,150,105,96,Normal,Moderate,Abnormal,295.0,99.5,76.9
P0055,71,Male,53.2,186.1,Orthopedic,II,86,124,84,94,Severe,Severe,Abnormal,200.5,191.3,14.3
P0056,21,Male,52.9,196.7,General,III,119,139,76,94,Normal,Normal,Normal,195.6,166.0,91.3
P0057,71,Male,109.9,191.0,Cardiac,III,67,171,88,95,Mild,Normal,Abnormal,237.0,293.0,86.7
P0058,80,Female,99.3,154.8,Neuro,I,91,151,67,98,Severe,Severe,Normal,252.9,202.1,70.1
P0059,35,Female,83.2,167.0,Cardiac,II,90,106,74,95,Normal,Mild,Abnormal,214.1,137.4,63.4
P0060,61,Female,56.8,147.7,Cardiac,I,87,177,86,97,Moderate,Severe,Abnormal,82.0,78.5,90.3
P0061,51,Female,84.4,197.2,Cardiac,I,83,92,105,96,Severe,Normal,Normal,134.6,87.8,26.7
P0062,79,Female,83.1,176.4,Cardiac,II,66,121,109,98,Severe,Severe,Normal,282.0,106.3,17.1
P0063,31,Female,62.1,153.7,Neuro,II,86,102,66,93,Moderate,Moderate,Abnormal,106.2,112.7,31.6
P0064,65,Male,80.4,180.3,Neuro,IV,74,178,62,91,Moderate,Severe,Abnormal,143.0,262.7,81.5
P0065,32,Female,77.9,177.1,General,II,76,162,88,96,Severe,Normal,Abnormal,158.0,190.3,13.1
P0066,89,Male,93.1,161.5,Orthopedic,III,106,157,103,95,Moderate,Severe,Normal,159.9,180.8,62.5
P0067,79,Male,94.5,146.8,Neuro,I,80,103,83,90,Mild,Mild,Normal,203.2,78.7,99.6
P0068,57,Female,53.2,180.3,Neuro,I,55,100,62,100,Mild,Severe,Normal,285.8,265.0,87.0
P0069,70,Male,76.2,171.2,Orthopedic,III,89,145,79,98,Mild,Mild,Normal,110.2,230.7,56.9
P0070,41,Female,93.8,186.3,Neuro,II,61,156,105,98,Severe,Moderate,Normal,80.4,66.9,15.7
P0071,43,Male,85.2,171.2,Cardiac,III,102,118,74,91,Moderate,Mild,Normal,99.4,227.0,84.8
P0072,77,Female,110.0,191.1,Cardiac,III,120,98,84,92,Moderate,Severe,Abnormal,271.7,185.9,63.9
P0073,58,Male,96.1,173.1,Orthopedic,IV,59,156,89,94,Normal,Normal,Abnormal,211.5,70.4,20.3
P0074,46,Female,61.4,173.7,General,III,94,114,73,94,Normal,Mild,Normal,121.5,164.6,18.4
P0075,32,Female,54.9,192.6,General,I,66,165,66,90,Moderate,Moderate,Abnormal,254.0,171.2,91.9
P0076,62,Female,95.0,164.2,Orthopedic,III,75,131,76,97,Moderate,Mild,Abnormal,265.3,91.4,70.2
P0077,82,Female,51.9,148.0,Orthopedic,I,111,98,103,97,Moderate,Mild,Normal,261.6,286.4,84.6
P0078,88,Female,91.0,141.7,Cardiac,I,95,168,79,93,Severe,Mild,Abnormal,279.7,262.5,89.1
P0079,26,Male,115.8,185.3,General,I,113,129,95,96,Moderate,Moderate,Normal,113.1,217.3,61.5
P0080,18,Male,90.3,177.2,Neuro,II,51,114,68,100,Normal,Severe,Normal,238.8,165.6,56.6
P0081,25,Male,77.2,182.2,Cardiac,IV,103,94,97,99,Severe,Mild,Abnormal,165.1,152.9,48.7
P0082,80,Female,95.0,152.8,Orthopedic,I,114,100,107,92,Moderate,Mild,Normal,260.5,212.7,38.5
P0083,28,Male,82.1,148.2,General,I,100,148,81,95,Normal,Normal,Normal,232.1,186.4,49.1
P0084,25,Female,88.2,140.9,Neuro,II,102,177,61,99,Severe,Moderate,Normal,244.1,65.6,79.6
P0085,52,Female,115.9,161.0,Neuro,I,85,168,83,99,Moderate,Mild,Normal,214.0,178.1,64.2
P0086,52,Male,77.0,175.4,Cardiac,III,75,127,67,98,Moderate,Moderate,Normal,94.4,251.6,90.3
P0087,50,Male,117.3,163.5,General,III,78,161,70,90,Moderate,Mild,Normal,186.3,164.8,49.9
P0088,22,Female,113.4,166.2,General,IV,70,94,72,94,Severe,Severe,Normal,296.2,63.0,64.6
P0089,58,Male,63.7,194.2,Orthopedic,I,60,137,76,93,Normal,Severe,Normal,284.3,246.6,66.8
P0090,45,Female,54.9,160.9,General,II,89,179,67,97,Normal,Mild,Abnormal,60.8,100.3,63.3
P0091,24,Female,57.1,170.8,General,III,60,107,80,100,Mild,Severe,Abnormal,91.2,114.7,73.2
P0092,89,Female,51.3,187.0,Cardiac,II,85,159,77,90,Moderate,Mild,Abnormal,82.9,91.2,31.4
P0093,29,Female,56.6,163.8,General,II,108,126,89,98,Mild,Severe,Normal,231.5,132.6,56.1
P0094,51,Female,97.8,177.3,Neuro,III,88,149,77,95,Mild,Normal,Normal,254.4,239.2,19.4
P0095,50,Male,55.0,191.7,Cardiac,II,103,137,105,93,Normal,Normal,Abnormal,103.4,179.8,44.6
P0096,65,Male,72.3,197.0,Cardiac,III,104,166,106,98,Severe,Normal,Abnormal,176.5,101.2,53.9
P0097,40,Female,109.1,148.8,Orthopedic,II,73,117,90,100,Severe,Moderate,Abnormal,260.2,269.5,68.7
P0098,79,Female,51.6,195.6,General,III,71,158,97,94,Normal,Moderate,Normal,233.2,269.9,95.5
P0099,54,Male,107.0,169.5,Orthopedic,I,118,166,91,94,Severe,Normal,Abnormal,185.6,267.6,64.1
P0100,61,Male,69.7,155.5,Neuro,IV,105,170,70,94,Mild,Moderate,Abnormal,197.6,109.7,76.9
P0101,52,Female,58.3,167.5,Cardiac,III,82,129,104,90,Moderate,Severe,Normal,177.1,162.8,55.6
P0102,82,Male,98.8,198.8,Cardiac,III,85,134,84,90,Normal,Mild,Abnormal,124.4,296.2,67.1
P0103,64,Female,94.0,169.6,Cardiac,IV,69,151,92,97,Moderate,Mild,Normal,191.3,243.0,16.4
P0104,20,Male,111.4,159.7,Neuro,III,111,147,97,97,Severe,Mild,Normal,222.2,56.8,32.9
P0105,18,Female,101.5,178.0,Neuro,III,75,156,100,95,Moderate,Normal,Normal,268.3,66.3,42.6
P0106,22,Male,106.2,154.4,Orthopedic,II,115,145,67,100,Severe,Moderate,Abnormal,209.1,166.0,52.5
P0107,31,Female,69.7,144.6,Orthopedic,IV,89,129,70,93,Severe,Severe,Abnormal,240.3,277.3,14.1
P0108,44,Male,62.4,147.7,Orthopedic,I,66,129,81,91,Mild,Severe,Normal,90.0,184.7,22.6
P0109,26,Male,102.5,147.7,General,III,50,180,110,91,Severe,Normal,Abnormal,165.4,174.5,34.9
P0110,32,Female,106.5,149.1,Cardiac,IV,110,166,83,98,Mild,Severe,Abnormal,52.3,76.4,97.4
P0111,59,Male,119.3,148.3,Cardiac,II,92,122,100,94,Mild,Severe,Abnormal,111.7,214.2,39.8
P0112,68,Female,78.9,178.5,Orthopedic,I,91,95,76,93,Mild,Severe,Abnormal,231.6,255.5,53.4
P0113,80,Male,76.0,150.9,Cardiac,IV,74,177,71,99,Normal,Severe,Normal,298.0,145.1,27.6
P0114,69,Female,104.3,160.7,Orthopedic,I,88,108,105,90,Normal,Moderate,Abnormal,74.8,243.9,65.0
P0115,21,Male,73.9,193.8,General,I,84,169,91,96,Severe,Severe,Normal,150.4,291.1,35.3
P0116,40,Female,115.2,168.4,General,I,52,129,74,92,Mild,Mild,Normal,250.0,100.9,28.6
P0117,32,Male,110.1,180.1,Neuro,III,93,148,75,95,Normal,Normal,Abnormal,101.0,180.8,56.5
P0118,60,Female,80.0,150.3,General,III,100,148,81,94,Mild,Moderate,Normal,188.8,121.8,10.5
P0119,46,Male,102.6,151.5,Orthopedic,II,61,137,87,94,Moderate,Severe,Abnormal,233.3,248.2,10.7
P0120,53,Female,102.8,142.5,General,II,68,130,79,100,Moderate,Moderate,Abnormal,204.0,194.4,29.7
P0121,30,Female,57.2,150.1,Neuro,IV,93,102,92,94,Moderate,Severe,Normal,97.0,208.6,13.3
P0122,49,Female,113.2,156.7,Cardiac,II,108,134,69,90,Severe,Mild,Normal,138.8,249.5,19.7
P0123,88,Male,85.4,150.6,Orthopedic,I,98,178,99,90,Mild,Normal,Normal,245.9,149.0,40.5
P0124,76,Female,107.9,145.3,Cardiac,I,110,142,91,92,Moderate,Severe,Normal,188.6,278.8,82.2
P0125,45,Male,72.4,147.2,Neuro,III,66,131,109,99,Normal,Severe,Abnormal,51.3,183.3,61.5
P0126,83,Female,112.7,167.6,Neuro,I,106,152,92,93,Moderate,Severe,Abnormal,240.2,89.5,56.1
P0127,59,Male,77.2,152.4,Neuro,IV,104,116,61,94,Moderate,Severe,Abnormal,58.8,224.0,36.4
P0128,62,Female,50.8,161.9,Cardiac,I,96,127,92,91,Moderate,Normal,Normal,236.4,248.3,93.9
P0129,79,Male,113.4,170.2,Cardiac,I,61,149,92,97,Severe,Normal,Normal,100.6,129.2,45.7
P0130,74,Male,56.4,181.4,Cardiac,IV,111,96,100,100,Normal,Mild,Normal,289.5,264.3,17.8
P0131,23,Female,72.4,142.4,Cardiac,II,57,94,72,100,Mild,Normal,Abnormal,142.0,276.5,65.5
P0132,45,Male,116.5,188.0,Neuro,II,70,134,89,91,Normal,Severe,Normal,131.7,119.2,20.2
P0133,45,Male,116.5,177.7,Neuro,IV,119,147,92,98,Mild,Mild,Abnormal,87.2,295.9,41.1
P0134,61,Female,90.1,144.9,Orthopedic,III,74,120,72,91,Severe,Mild,Normal,126.4,85.2,55.7
P0135,47,Male,94.2,192.4,Orthopedic,I,61,112,85,98,Severe,Mild,Abnormal,269.2,100.5,88.7
P0136,79,Male,81.4,195.3,Cardiac,IV,64,131,81,96,Severe,Severe,Abnormal,299.1,96.1,54.4
P0137,79,Male,70.5,143.7,General,I,108,99,98,97,Severe,Moderate,Normal,142.1,273.5,73.2
P0138,18,Female,73.0,156.6,General,III,75,121,61,100,Mild,Severe,Normal,162.2,213.6,99.4
P0139,44,Male,97.1,188.4,Neuro,I,75,142,97,91,Moderate,Normal,Abnormal,230.5,88.0,21.8
P0140,79,Female,102.7,184.9,Neuro,IV,96,119,98,96,Mild,Normal,Abnormal,271.5,160.1,34.7
P0141,20,Male,105.4,151.1,Neuro,I,81,128,85,95,Normal,Severe,Normal,198.3,203.8,45.5
P0142,87,Male,105.3,152.6,Orthopedic,II,59,120,105,93,Severe,Severe,Normal,147.9,70.9,48.0
P0143,89,Male,56.4,162.2,Orthopedic,III,65,171,109,96,Severe,Mild,Abnormal,153.2,270.6,47.0
P0144,44,Female,84.6,169.1,Neuro,III,120,91,74,93,Normal,Severe,Normal,223.9,250.9,91.7
P0145,26,Male,54.0,177.1,Neuro,III,66,167,93,91,Mild,Mild,Abnormal,50.8,176.3,74.3
P0146,79,Male,88.5,162.1,Neuro,IV,72,166,101,99,Moderate,Normal,Abnormal,204.9,291.8,64.7
P0147,54,Female,80.9,167.8,General,III,75,101,103,96,Moderate,Mild,Normal,138.9,154.4,37.8
P0148,68,Male,112.1,184.8,Orthopedic,II,56,128,108,97,Normal,Severe,Normal,248.5,296.0,84.1
P0149,61,Female,74.6,142.2,General,IV,63,155,99,91,Moderate,Normal,Normal,73.2,217.0,96.0
P0150,41,Female,58.2,155.1,General,II,56,102,70,94,Mild,Moderate,Normal,197.1,208.7,83.9
P0151,76,Male,60.0,182.8,Neuro,I,58,135,62,90,Mild,Mild,Normal,170.2,91.5,10.1
P0152,49,Female,103.3,193.7,Neuro,I,97,116,65,96,Normal,Normal,Abnormal,210.6,270.5,67.3
P0153,69,Male,93.3,170.7,Cardiac,I,108,106,68,97,Mild,Mild,Abnormal,66.2,156.9,14.6
P0154,79,Female,57.1,171.9,Cardiac,I,88,149,65,95,Severe,Normal,Normal,195.0,90.6,33.2
P0155,75,Female,55.9,146.4,General,II,67,153,68,94,Normal,Normal,Normal,190.4,53.2,15.4
P0156,69,Male,99.1,166.8,Orthopedic,IV,108,177,98,95,Mild,Mild,Normal,190.2,189.9,64.3
P0157,29,Female,55.1,172.0,Neuro,IV,66,124,90,91,Normal,Moderate,Abnormal,200.9,181.8,71.8
P0158,56,Female,107.5,154.5,Neuro,III,63,159,91,90,Moderate,Normal,Normal,219.1,229.8,20.3
P0159,19,Female,99.4,156.2,General,II,80,172,100,96,Mild,Normal,Normal,251.2,272.6,44.5
P0160,20,Female,55.7,162.6,Cardiac,I,73,119,109,96,Severe,Normal,Abnormal,117.5,69.9,51.1
P0161,73,Female,55.9,141.2,Orthopedic,II,109,160,71,99,Mild,Moderate,Abnormal,256.3,232.9,43.2
P0162,76,Male,119.1,159.3,Cardiac,III,94,163,67,100,Normal,Moderate,Normal,174.6,96.9,20.9
P0163,19,Female,76.2,152.7,Cardiac,III,52,152,67,99,Normal,Severe,Normal,69.3,264.5,47.7
P0164,19,Male,75.9,159.6,Cardiac,II,86,117,109,91,Mild,Mild,Normal,64.6,254.8,77.6
P0165,71,Female,106.9,147.2,Cardiac,II,92,149,87,91,Severe,Moderate,Abnormal,133.6,185.2,16.4
P0166,18,Male,116.3,193.4,Neuro,II,89,168,79,90,Severe,Mild,Normal,246.2,227.6,17.2
P0167,36,Male,119.0,175.6,Neuro,IV,104,126,106,99,Severe,Severe,Normal,226.9,128.6,41.9
P0168,19,Female,102.7,180.7,Cardiac,I,88,111,66,97,Normal,Mild,Normal,247.2,167.8,94.8
P0169,70,Female,76.3,187.4,Orthopedic,II,64,157,70,97,Mild,Moderate,Abnormal,179.3,255.4,70.2
P0170,61,Female,55.8,169.9,General,II,53,109,79,90,Moderate,Mild,Abnormal,160.0,164.8,71.1
P0171,49,Male,104.4,145.2,Orthopedic,II,74,157,75,100,Normal,Moderate,Normal,86.9,139.4,42.6
P0172,87,Female,89.1,172.2,Orthopedic,III,62,180,63,97,Severe,Mild,Normal,132.0,173.6,63.4
P0173,49,Male,79.7,175.2,Orthopedic,III,82,153,65,98,Mild,Moderate,Abnormal,158.5,257.1,10.9
P0174,85,Male,113.4,184.7,Cardiac,IV,65,106,81,93,Severe,Moderate,Abnormal,72.2,133.8,67.2
P0175,72,Male,57.8,165.9,Neuro,I,91,101,85,90,Moderate,Mild,Abnormal,105.2,93.4,92.2
P0176,73,Female,84.5,147.7,Orthopedic,IV,115,111,62,90,Severe,Severe,Abnormal,199.6,228.0,65.1
P0177,34,Female,50.8,157.0,Cardiac,I,104,106,100,92,Severe,Normal,Abnormal,233.9,256.5,88.6
P0178,55,Male,82.8,161.8,Orthopedic,III,91,99,101,94,Moderate,Severe,Abnormal,299.6,75.2,75.2
P0179,41,Male,53.9,178.8,Orthopedic,III,83,154,73,94,Mild,Mild,Abnormal,283.3,110.0,20.9
P0180,86,Female,58.3,174.2,Cardiac,III,79,111,70,98,Normal,Severe,Abnormal,210.6,85.5,91.2
P0181,87,Male,58.2,161.4,Neuro,IV,62,179,77,99,Mild,Moderate,Abnormal,155.3,137.0,16.0
P0182,28,Female,95.4,199.2,Neuro,II,62,171,71,91,Moderate,Normal,Normal,209.0,162.6,58.1
P0183,33,Male,102.2,176.3,General,II,67,139,82,91,Severe,Mild,Normal,246.4,237.2,22.8
P0184,76,Female,90.8,154.2,Cardiac,III,81,103,71,95,Mild,Mild,Normal,79.6,212.8,11.1
P0185,87,Male,117.4,146.1,General,II,88,153,72,98,Normal,Mild,Abnormal,152.5,205.2,48.0
P0186,20,Female,76.2,149.2,General,II,95,136,84,90,Moderate,Normal,Normal,260.0,138.1,36.6
P0187,37,Male,70.0,154.8,General,IV,78,118,104,98,Mild,Moderate,Abnormal,146.0,260.4,53.7
P0188,76,Female,110.8,149.6,Neuro,I,111,165,110,98,Normal,Mild,Abnormal,193.0,167.8,61.9
P0189,53,Female,65.7,151.2,Cardiac,III,111,125,78,98,Moderate,Severe,Normal,196.9,294.8,13.9
P0190,36,Male,117.4,157.1,General,III,106,141,105,94,Normal,Mild,Abnormal,96.1,208.5,21.1
P0191,84,Male,50.9,150.4,Cardiac,IV,65,165,95,98,Moderate,Mild,Normal,140.6,81.6,60.3
P0192,36,Female,117.9,193.8,Cardiac,IV,105,96,104,100,Severe,Mild,Normal,133.6,219.0,40.9
P0193,37,Male,53.0,144.8,Neuro,II,59,118,67,93,Mild,Mild,Normal,56.5,131.3,75.6
P0194,88,Female,112.4,171.5,General,III,79,100,88,91,Normal,Moderate,Abnormal,56.0,221.6,68.7
P0195,69,Male,86.9,164.6,General,I,74,122,91,95,Moderate,Severe,Normal,257.9,67.4,86.1
P0196,50,Female,119.5,198.9,Cardiac,IV,54,95,110,93,Normal,Moderate,Abnormal,118.3,93.7,72.3
P0197,57,Female,55.2,146.7,Orthopedic,I,114,168,103,95,Normal,Severe,Normal,179.5,263.9,48.7
P0198,56,Female,88.8,163.9,Neuro,I,98,121,77,92,Mild,Mild,Normal,124.7,106.8,70.6
P0199,18,Female,117.9,198.2,Neuro,III,52,140,65,95,Severe,Normal,Normal,285.2,259.3,34.8
P0200,28,Female,86.6,191.9,Neuro,III,94,164,77,91,Normal,Moderate,Abnormal,114.8,119.8,37.6
